{
  "best_val": {
    "test_mse": 0.00054956938090202,
    "test_ssim": 0.11467838102862948,
    "test_msssim": 0.03922634337629591
  },
  "best_epoch": {
    "test_mse": 141,
    "test_ssim": 141,
    "test_msssim": 141
  },
  "340": {
    "test_mse": 0.0005633125605527311,
    "test_ssim": 0.11685828892957596,
    "test_msssim": 0.039770082916532244
  },
  "141": {
    "test_mse": 0.00054956938090202,
    "test_ssim": 0.11467838102862948,
    "test_msssim": 0.03922634337629591
  }
}